SET ANSI_NULLS ON
GO

SET QUOTED_IDENTIFIER ON
GO

-------------------- seed data --------------------

INSERT INTO [_AccountRoles] VALUES ('00000000000000000000', '00000000000000000000', '00001', '00000000000000000000', GETDATE(), NULL,NULL,1)
INSERT INTO [_AccountRoles] VALUES ('00000000000000000001', '00000000000000000001', '00001', '00000000000000000000', GETDATE(), NULL,NULL,1)

-- Manuel create roles
-- Id, TenantId, Name, Description, AuthLevel, Type, CreatorId, CreationTime, EditorId, LastEditTime
INSERT INTO [_Roles] VALUES ('00001', '00000000000000000000', 'SuperAdmin', '超级管理员', 1, 1, '00000000000000000000', GETDATE(), NULL,NULL,1)
INSERT INTO [_Roles] VALUES ('00101', '00000000000000000000', 'SuperOperator', '超级运维', 10, 1, '00000000000000000000', GETDATE(), NULL,NULL,1)
INSERT INTO [_Roles] VALUES ('10001', NULL, 'TenantAdmin', '域管理员', 100, 1, '00000000000000000000', GETDATE(), NULL,NULL,1)
INSERT INTO [_Roles] VALUES ('10101', NULL, 'TenantOperator', '域运维', 1000, 1, '00000000000000000000', GETDATE(), NULL,NULL,1)

-- Manuel create permissions
-- Id, Name, Description, AuthLevel, Type, CreatorId, CreationTime, EditorId, LastEditTime
INSERT INTO [_Permissions] VALUES ('00001', 'Central_Operation', '后台运维', 10, 1, '00000000000000000000', GETDATE(), NULL,NULL,1)
INSERT INTO [_Permissions] VALUES ('00002', 'Central_Tenant_Managment', '后台域管理', 10, 1, '00000000000000000000', GETDATE(), NULL,NULL,1)
INSERT INTO [_Permissions] VALUES ('00003', 'Central_Account_Management', '后台账号管理', 10, 1, '00000000000000000000', GETDATE(), NULL,NULL,1)
INSERT INTO [_Permissions] VALUES ('00004', 'Central_Role_Management', '后台权限管理', 10, 1, '00000000000000000000', GETDATE(), NULL,NULL,1)

INSERT INTO [_Permissions] VALUES ('10001', 'Tenant_Operation', '域信息运维', 1000, 1, '00000000000000000000', GETDATE(), NULL,NULL,1)
INSERT INTO [_Permissions] VALUES ('10002', 'Tenant_Account_Management', '域账号管理', 1000, 1, '00000000000000000000', GETDATE(), NULL,NULL,1)
INSERT INTO [_Permissions] VALUES ('10003', 'Tenant_Role_Management', '域权限管理', 1000, 1, '00000000000000000000', GETDATE(), NULL,NULL,1)

-- Manuel create role-permission relationships
-- SuperAdmin
INSERT INTO [_RolePermissions] VALUES ('00000000000000000001', '00001', '00001', '00000000000000000000', GETDATE(), NULL,NULL,1)
INSERT INTO [_RolePermissions] VALUES ('00000000000000000002', '00001', '00002', '00000000000000000000', GETDATE(), NULL,NULL,1)
INSERT INTO [_RolePermissions] VALUES ('00000000000000000003', '00001', '00003', '00000000000000000000', GETDATE(), NULL,NULL,1)
INSERT INTO [_RolePermissions] VALUES ('00000000000000000004', '00001', '00004', '00000000000000000000', GETDATE(), NULL,NULL,1)
INSERT INTO [_RolePermissions] VALUES ('00000000000000000005', '00001', '10001', '00000000000000000000', GETDATE(), NULL,NULL,1)
INSERT INTO [_RolePermissions] VALUES ('00000000000000000006', '00001', '10002', '00000000000000000000', GETDATE(), NULL,NULL,1)
INSERT INTO [_RolePermissions] VALUES ('00000000000000000007', '00001', '10003', '00000000000000000000', GETDATE(), NULL,NULL,1)
-- SuperOperator
INSERT INTO [_RolePermissions] VALUES ('00000000000000000101', '00101', '10001', '00000000000000000000', GETDATE(), NULL,NULL,1)
INSERT INTO [_RolePermissions] VALUES ('00000000000000000102', '00101', '10002', '00000000000000000000', GETDATE(), NULL,NULL,1)
INSERT INTO [_RolePermissions] VALUES ('00000000000000000103', '00101', '10003', '00000000000000000000', GETDATE(), NULL,NULL,1)
-- TenantAdmin
INSERT INTO [_RolePermissions] VALUES ('00000000000000100001', '10001', '10001', '00000000000000000000', GETDATE(), NULL,NULL,1)
INSERT INTO [_RolePermissions] VALUES ('00000000000000100002', '10001', '10002', '00000000000000000000', GETDATE(), NULL,NULL,1)
INSERT INTO [_RolePermissions] VALUES ('00000000000000100003', '10001', '10003', '00000000000000000000', GETDATE(), NULL,NULL,1)
-- TenantOperator
INSERT INTO [_RolePermissions] VALUES ('00000000000000200001', '10101', '10001', '00000000000000000000', GETDATE(), NULL,NULL,1)
INSERT INTO [_RolePermissions] VALUES ('00000000000000200002', '10101', '10002', '00000000000000000000', GETDATE(), NULL,NULL,1)
INSERT INTO [_RolePermissions] VALUES ('00000000000000200003', '10101', '10003', '00000000000000000000', GETDATE(), NULL,NULL,1)